Jason Brown, 02907 Jenkins Fort Suite 672 Smithside, FL 57896, 1983-03-25, 240-96-4306, http://day-charles.info/, 643.556.6115
Michael Oconnor, 561 Lester Points Apt. 140 East Katelynland, NC 75965, 1995-07-28, 054-51-9007, https://garcia.net/, 211-698-7698x129
Cynthia Taylor, 0355 Caroline Village Suite 640 Port Bradleybury, IL 43270, 2002-01-20, 572-15-9413, https://smith-walker.org/, +1-413-812-1114x341
Michael Everett, 29381 Amy Course Suite 181 Christopherview, FM 01797, 2013-08-22, 241-72-5845, https://roberts.com/, (320)799-5635x64030
Tyler Myers, 374 Thomas Extension Suite 711 Nicolebury, HI 93718, 1978-10-30, 815-76-0408, https://www.weaver.com/, (630)344-8017x5249
Sarah Brown, 1210 Juarez Crest Suite 970 Solisburgh, PW 18067, 2006-09-20, 299-68-9442, http://www.gilmore.com/, 001-759-472-6808x6365
Andrew Beck, 17998 Jessica Islands Danielview, OK 39103, 1994-04-25, 103-79-0686, https://www.bryant.biz/, 314.370.4127
Allen Glover, 93856 Kyle Drive Lake Judithfort, NM 12466, 1987-12-09, 233-98-6852, http://www.martinez.org/, (409)264-1229x949
John Reyes, 707 Melendez Meadow New Maryfort, KS 26030, 2007-12-20, 070-70-3035, https://www.fowler.com/, (622)908-8344x5325
Willie Martin, 450 Richard Place North Teresaville, AR 12422, 1972-02-19, 416-16-1106, http://lowe-parsons.com/, 001-229-524-2286x6958
Kristin Collins, 041 Barbara Fields Suite 702 South Kellybury, KS 14024, 1977-10-03, 105-44-0638, http://www.medina.net/, (473)746-5098
Manuel Lewis, 051 Wolf Street Lake Jessica, IA 23818, 2024-03-23, 423-97-5601, https://coffey.com/, 386.543.6805
Kaitlyn Ford, 93261 Simon Fort Suite 938 Jamesview, MP 88083, 2000-03-22, 357-62-5025, https://www.jackson.com/, 310.732.2334
Megan Clark, 997 Amanda Fork New Shanefurt, MP 64738, 1979-11-04, 890-07-2453, https://howard.net/, (694)525-1653
Travis Brooks, 34518 Jennifer Glen Lake Jimmy, WI 43322, 1995-05-22, 046-68-6425, http://www.parsons-johnson.com/, (570)840-4503
Jessica Robinson, 495 Julie Crossroad North Jefferybury, MT 56890, 2016-02-16, 384-66-9475, https://www.ramos.info/, +1-569-860-8612
Ebony Joseph, 06516 Mcneil Vista Suite 606 Cindyville, LA 58514, 1997-02-09, 077-79-6310, http://bautista-david.biz/, 757-985-3510
David Becker, 145 Henderson Circles East Kevinborough, GA 25296, 1971-05-02, 404-69-6998, http://khan-delgado.com/, (997)242-1882x948
Timothy Williams, 6057 Jessica Field East Bobby, KY 11539, 2011-02-16, 187-01-9782, http://hoffman.biz/, 282.525.2047x964
Spencer Ruiz, 88470 Perry Ways Suite 942 East Alicia, NC 15161, 2003-05-08, 331-32-0337, http://www.sanchez.org/, 592-342-1842x753
Mark Sexton, 36089 Parker Forks Suite 005 West Melindatown, HI 42549, 2023-08-13, 312-79-9442, https://garcia.net/, +1-842-965-4228x8522
Catherine Sandoval, 0803 David Fields Suite 671 Jamiestad, WI 01556, 1971-09-08, 829-96-2786, http://www.stevens.com/, 463.582.6258
Haley Murphy, 67545 Mary Ferry Elliottshire, IA 16381, 1982-10-08, 123-75-7691, https://washington.com/, 461-257-3242
Miranda Bond, USNS Payne FPO AP 99146, 2019-08-04, 039-36-4015, http://perez-taylor.com/, 485.496.9382
Mr. Steven Robinson, PSC 3743, Box 1035 APO AP 73750, 2013-07-23, 486-86-3971, https://www.vargas-weaver.biz/, 843.632.5031
Paul Scott, 741 Julia Cliffs Mitchellburgh, OK 10025, 1987-02-14, 818-71-2142, https://cummings.org/, +1-856-412-0584x2492
Christian Smith, 200 Randall Isle Chavezville, MT 47985, 1981-12-20, 313-42-0341, https://bates.com/, 257.391.4119
Michael Lewis, 21871 Gardner Valleys Lake Michael, CO 24940, 1975-06-24, 787-12-3793, https://www.reyes.com/, 992-618-5079x2047
Stephen Eaton, 4542 Bradley Locks Jensenport, ND 82355, 1990-06-20, 163-43-1510, https://dixon.com/, 726-247-5641
Hector Johnson, 945 Ivan Club West Vickie, IL 82481, 1973-07-02, 515-78-9810, http://www.smith.com/, 595-516-2925x907